Name,Date,Time,Knockdowns,Knockdowns Against,Sig Strikes Landed,Sig Strikes Attempted,Sig Strikes Absorbed,Strikes Landed,Strikes Attempted,Strikes Absorbed,Takedowns,Takedown Attempts,Got Taken Down,Submission Attempts,Clinch Strikes,Clinch Strikes Taken,Ground Strikes,Ground Strikes Taken
Rashad Evans,02/1/2010,900,0,0,12,66,31,21,78,67,8,16,0,0,5,11,1,0
Thiago Silva,02/1/2010,900,0,0,31,84,12,67,122,21,0,0,8,0,11,5,0,1
Paul Daley,02/1/2010,144,1,0,8,20,4,8,20,4,0,0,0,0,0,0,3,0
Dustin Hazelett,02/1/2010,144,0,1,4,11,8,4,11,8,0,0,0,0,0,0,0,3
Sam Stout,02/1/2010,900,0,0,94,264,26,110,281,33,0,0,4,0,8,4,2,5
Joe Lauzon,02/1/2010,900,0,0,26,81,94,33,89,110,4,16,0,2,4,8,5,2
Jim Miller,02/1/2010,151,1,0,6,23,2,11,28,3,0,0,0,1,0,0,1,0
Duane Ludwig,02/1/2010,151,0,1,2,27,6,3,28,11,0,0,0,0,0,0,0,1
Junior Dos Santos,02/1/2010,127,1,0,14,33,3,17,37,3,0,0,0,0,0,0,4,0
Gilbert Yvel,02/1/2010,127,0,1,3,18,14,3,18,17,0,0,0,0,0,0,0,4
Martin Kampmann,02/1/2010,243,1,0,14,34,13,24,44,14,0,0,0,1,0,2,7,0
Jacob Volkmann,02/1/2010,243,0,1,13,36,14,14,38,24,0,0,0,0,2,0,0,7
Cole Miller,02/1/2010,185,0,1,15,34,10,18,37,13,0,0,1,1,10,4,0,0
Dan Lauzon,02/1/2010,185,1,0,10,24,15,13,27,18,1,1,0,0,4,10,0,0
Mark Munoz,02/1/2010,150,0,0,16,28,9,22,39,10,1,1,0,0,0,2,16,0
Ryan Jensen,02/1/2010,150,0,0,9,16,16,10,17,22,0,2,1,1,2,0,0,16
Jake Ellenberger,02/1/2010,322,1,0,15,39,5,30,56,29,2,2,0,0,3,2,10,1
Mike Pyle,02/1/2010,322,0,1,5,8,15,29,34,30,0,1,2,1,2,3,1,10
Rafaello Oliveira,02/1/2010,900,0,0,21,45,1,55,83,20,6,7,1,4,0,0,18,1
John Gunderson,02/1/2010,900,0,0,1,30,21,20,50,55,1,1,6,4,0,0,1,18
Gray Maynard,11/1/2010,900,0,0,41,142,70,53,154,77,0,0,0,0,7,3,0,0
Nate Diaz,11/1/2010,900,0,0,70,251,41,77,259,53,0,3,0,0,3,7,0,0
Evan Dunham,11/1/2010,719,0,1,22,80,26,48,109,38,3,4,0,1,0,5,12,1
Efrain Escudero,11/1/2010,719,1,0,26,74,22,38,86,48,0,1,3,2,5,0,1,12
Aaron Simpson,11/1/2010,900,0,0,36,108,52,74,149,60,2,6,1,0,19,30,3,0
Tom Lawlor,11/1/2010,900,0,0,52,128,36,60,136,74,1,6,2,2,30,19,0,3
Amir Sadollah,11/1/2010,900,0,0,87,162,37,95,171,67,2,2,0,0,12,6,18,0
Brad Blackburn,11/1/2010,900,0,0,37,150,87,67,180,95,0,1,2,0,6,12,0,18
Chris Leben,11/1/2010,900,0,0,60,99,15,181,240,32,2,3,0,2,7,4,44,0
Jay Silva,11/1/2010,900,0,0,15,54,60,32,74,181,0,1,2,0,4,7,0,44
Rick Story,11/1/2010,900,0,0,47,172,22,67,192,24,2,3,1,1,7,1,4,0
Jesse Lennox,11/1/2010,900,0,0,22,128,47,24,130,67,1,2,2,1,1,7,0,4
Thiago Tavares,11/1/2010,900,0,0,55,146,71,73,164,95,1,6,4,1,9,9,0,2
Nik Lentz,11/1/2010,900,0,0,71,206,55,95,231,73,4,13,1,1,9,9,2,0
Rory MacDonald,11/1/2010,267,0,0,8,19,6,23,34,14,2,3,0,2,1,0,2,3
Mike Guymon,11/1/2010,267,0,0,6,18,8,14,26,23,0,3,2,0,0,1,3,2
Rafael Dos Anjos,11/1/2010,900,0,0,42,112,21,99,183,31,5,8,0,2,2,2,25,0
Kyle Bradley,11/1/2010,900,0,0,21,53,42,31,64,99,0,0,5,0,2,2,0,25
Gerald Harris,11/1/2010,804,0,0,21,81,7,34,96,29,1,2,1,0,1,0,7,0
John Salter,11/1/2010,804,0,0,7,72,21,29,98,34,1,4,1,0,0,1,0,7
Nick Catone,11/1/2010,900,0,0,32,103,32,65,140,40,2,9,0,0,12,18,1,0
Jesse Forbes,11/1/2010,900,0,0,32,160,32,40,168,65,0,1,2,0,18,12,0,1
Randy Couture,06/2/2010,369,0,0,44,67,10,68,93,16,1,1,0,1,16,1,8,0
Mark Coleman,06/2/2010,369,0,0,10,21,44,16,27,68,0,0,1,0,1,16,0,8
Chael Sonnen,06/2/2010,900,0,0,39,56,11,214,258,37,6,6,0,0,4,1,29,4
Nate Marquardt,06/2/2010,900,0,0,11,24,39,37,50,214,0,1,6,2,1,4,4,29
Paulo Thiago,06/2/2010,414,1,0,9,25,7,11,27,20,0,0,1,1,0,0,0,0
Mike Swick,06/2/2010,414,0,1,7,61,9,20,74,11,1,1,0,0,0,0,0,0
Demian Maia,06/2/2010,900,0,0,30,77,20,67,122,25,4,7,0,0,8,2,2,3
Dan Miller,06/2/2010,900,0,0,20,95,30,25,100,67,0,0,4,0,2,8,3,2
Matt Serra,06/2/2010,143,1,0,12,36,6,12,36,6,0,0,0,0,0,0,4,0
Frank Trigg,06/2/2010,143,0,1,6,21,12,6,21,12,0,0,0,0,0,0,0,4
Mac Danzig,06/2/2010,900,0,0,62,126,30,146,219,36,3,6,0,0,4,7,13,3
Justin Buchholz,06/2/2010,900,0,0,30,130,62,36,141,146,0,0,3,1,7,4,3,13
Melvin Guillard,06/2/2010,900,0,0,34,81,6,39,86,44,0,0,5,0,2,1,8,0
Ronys Torres,06/2/2010,900,0,0,6,49,34,44,91,39,5,13,0,1,1,2,0,8
Rob Emerson,06/2/2010,900,0,0,26,53,19,40,71,36,7,11,0,0,7,7,11,0
Phillipe Nover,06/2/2010,900,0,0,19,48,26,36,66,40,0,1,7,2,7,7,0,11
Phil Davis,06/2/2010,900,0,0,48,103,5,104,169,5,3,4,0,1,4,1,39,0
Brian Stann,06/2/2010,900,0,0,5,27,48,5,27,104,0,0,3,0,1,4,0,39
Chris Tuchscherer,06/2/2010,900,0,0,24,64,34,45,88,53,1,7,1,1,7,14,0,10
Tim Hague,06/2/2010,900,0,0,34,70,24,53,90,45,1,1,1,1,14,7,10,0
Joey Beltran,06/2/2010,391,0,0,22,49,15,60,91,20,0,0,1,0,1,5,11,1
Rolles Gracie,06/2/2010,391,0,0,15,46,22,20,52,60,1,10,0,0,5,1,1,11
Cain Velasquez,20/2/2010,140,1,0,23,45,3,23,45,3,0,0,0,0,2,0,5,0
Antonio Rodrigo Nogueira,20/2/2010,140,0,1,3,22,23,3,22,23,0,0,0,0,0,2,0,5
Wanderlei Silva,20/2/2010,900,1,0,42,165,32,47,171,38,1,1,5,1,2,3,7,0
Michael Bisping,20/2/2010,900,0,1,32,137,42,38,144,47,5,9,1,0,3,2,0,7
George Sotiropoulos,20/2/2010,900,0,0,20,87,7,47,116,9,2,3,3,3,1,1,1,0
Joe Stevenson,20/2/2010,900,0,0,7,31,20,9,33,47,3,6,2,2,1,1,0,1
Ryan Bader,20/2/2010,730,1,0,29,62,15,55,89,18,3,9,0,0,10,2,5,0
Keith Jardine,20/2/2010,730,0,1,15,74,29,18,77,55,0,0,3,0,2,10,0,5
Mirko Filipovic,20/2/2010,600,0,0,29,63,9,65,102,10,0,0,0,1,3,1,9,0
Anthony Perosh,20/2/2010,600,0,0,9,25,29,10,26,65,0,11,0,0,1,3,0,9
Krzysztof Soszynski,20/2/2010,664,0,0,48,123,36,57,134,56,0,1,2,0,11,17,0,0
Stephan Bonnar,20/2/2010,664,0,0,36,117,48,56,138,57,2,5,0,0,17,11,0,0
Chris Lytle,20/2/2010,101,0,0,2,14,5,2,14,6,0,0,1,1,0,0,0,1
Brian Foster,20/2/2010,101,0,0,5,22,2,6,23,2,1,1,0,0,0,0,1,0
CB Dollaway,20/2/2010,900,0,0,25,73,20,72,124,40,5,7,1,1,7,1,9,2
Goran Reljic,20/2/2010,900,0,0,20,50,25,40,70,72,1,1,5,3,1,7,2,9
James Te Huna,20/2/2010,806,0,2,22,52,25,96,142,50,5,10,2,1,6,10,9,5
Igor Pokrajac,20/2/2010,806,2,0,25,54,22,50,81,96,2,4,5,0,10,6,5,9
Brandon Vera,21/3/2010,199,0,0,5,8,11,7,11,26,0,0,2,0,1,1,3,9
Jon Jones,21/3/2010,199,0,0,11,17,5,26,33,7,2,3,0,0,1,1,9,3
Junior Dos Santos,21/3/2010,233,1,0,20,35,9,20,35,9,0,0,1,0,0,0,10,0
Gabriel Gonzaga,21/3/2010,233,0,1,9,19,20,9,19,20,1,1,0,0,0,0,0,10
Cheick Kongo,21/3/2010,676,0,0,53,94,3,137,187,5,9,9,0,0,17,1,26,0
Paul Buentello,21/3/2010,676,0,0,3,29,53,5,31,137,0,0,9,0,1,17,0,26
Alessio Sakara,21/3/2010,181,1,0,13,29,6,13,29,6,0,0,0,0,0,0,1,0
James Irvin,21/3/2010,181,0,1,6,16,13,6,16,13,0,0,0,0,0,0,0,1
Clay Guida,21/3/2010,520,0,0,14,33,1,72,102,6,2,2,0,1,1,0,12,1
Shannon Gugerty,21/3/2010,520,0,0,1,7,14,6,12,72,0,1,2,3,0,1,1,12
Eliot Marshall,21/3/2010,900,0,0,19,97,28,19,97,35,0,0,2,0,0,1,0,0
Vladimir Matyushenko,21/3/2010,900,0,0,28,91,19,35,98,19,2,3,0,0,1,0,0,0
Duane Ludwig,21/3/2010,44,0,0,1,5,0,1,5,0,0,0,1,0,0,0,0,0
Darren Elkins,21/3/2010,44,0,0,0,2,1,0,2,1,1,2,0,0,0,0,0,0
John Howard,21/3/2010,121,0,0,6,8,7,8,11,21,1,1,1,0,0,0,4,6
Daniel Roberts,21/3/2010,121,0,0,7,17,6,21,33,8,1,1,1,1,0,0,6,4
Brendan Schaub,21/3/2010,47,1,0,25,36,2,30,41,2,0,0,0,0,11,0,5,0
Chase Gormley,21/3/2010,47,0,1,2,6,25,2,6,30,0,2,0,0,0,11,0,5
Mike Pierce,21/3/2010,900,0,0,39,76,17,90,131,31,6,10,0,0,2,3,22,0
Julio Paulino,21/3/2010,900,0,0,17,62,39,31,76,90,0,0,6,0,3,2,0,22
Eric Schafer,21/3/2010,900,0,0,27,81,70,52,107,130,2,3,3,1,8,26,2,6
Jason Brilz,21/3/2010,900,0,0,70,145,27,130,206,52,3,6,2,1,26,8,6,2
Georges St-Pierre,27/3/2010,1500,0,0,59,79,4,174,201,42,11,11,0,6,0,0,49,3
Dan Hardy,27/3/2010,1500,0,0,4,27,59,42,72,174,0,0,11,0,0,0,3,49
Frank Mir,27/3/2010,228,0,1,3,10,49,3,10,74,0,0,0,0,1,33,0,15
Shane Carwin,27/3/2010,228,1,0,49,63,3,74,89,3,0,2,0,0,33,1,15,0
Kurt Pellegrino,27/3/2010,560,0,0,16,29,8,71,91,19,1,1,1,2,2,4,14,1
Fabricio Camoes,27/3/2010,560,0,0,8,11,16,19,22,71,1,5,1,2,4,2,1,14
Ben Saunders,27/3/2010,900,0,0,17,30,72,31,44,212,0,0,2,0,13,23,0,38
Jon Fitch,27/3/2010,900,0,0,72,99,17,212,247,31,2,7,0,0,23,13,38,0
Jim Miller,27/3/2010,900,0,0,23,67,17,42,89,52,1,2,4,3,6,8,3,3
Mark Bocek,27/3/2010,900,0,0,17,45,23,52,81,42,4,8,1,1,8,6,3,3
Nate Diaz,27/3/2010,167,1,0,34,60,3,54,84,3,0,0,0,0,2,2,18,0
Rory Markham,27/3/2010,167,0,1,3,22,34,3,22,54,0,0,0,0,2,2,0,18
Ricardo Almeida,27/3/2010,510,0,0,15,27,6,24,36,23,5,11,0,1,10,3,4,0
Matt Brown,27/3/2010,510,0,0,6,10,15,23,28,24,0,0,5,0,3,10,0,4
Rousimar Palhares,27/3/2010,45,0,0,0,1,0,0,1,0,0,0,0,1,0,0,0,0
Tomasz Drwal,27/3/2010,45,0,0,0,2,0,0,2,0,0,0,0,0,0,0,0,0
Rodney Wallace,27/3/2010,900,0,1,34,66,60,47,84,176,11,13,2,1,12,11,7,44
Jared Hamman,27/3/2010,900,1,0,60,124,34,176,250,47,2,2,11,0,11,12,44,7
Matthew Riddle,27/3/2010,690,0,0,47,88,21,92,140,63,4,6,0,0,35,10,7,1
Greg Soto,27/3/2010,690,0,0,21,39,47,63,81,92,0,4,4,0,10,35,1,7
Kenny Florian,31/3/2010,772,0,0,51,186,20,74,210,20,1,2,0,1,3,0,6,0
Takanori Gomi,31/3/2010,772,0,0,20,116,51,20,116,74,0,1,1,0,0,3,0,6
Roy Nelson,31/3/2010,39,1,0,9,15,2,9,15,2,0,0,0,0,0,0,6,0
Stefan Struve,31/3/2010,39,0,1,2,5,9,2,5,9,0,0,0,0,0,0,0,6
Nate Quarry,31/3/2010,329,0,3,19,71,29,19,72,58,0,1,0,0,2,10,0,4
Jorge Rivera,31/3/2010,329,3,0,29,65,19,58,104,19,0,0,0,0,10,2,4,0
Ross Pearson,31/3/2010,900,0,0,54,159,39,64,170,39,1,1,2,0,3,3,2,1
Dennis Siver,31/3/2010,900,0,0,39,225,54,39,228,64,2,5,1,0,3,3,1,2
Andre Winner,31/3/2010,900,0,0,61,198,52,74,211,64,0,0,0,0,13,7,1,0
Rafaello Oliveira,31/3/2010,900,0,0,52,146,61,64,159,74,0,6,0,0,7,13,0,1
Jacob Volkmann,31/3/2010,900,0,0,24,57,20,79,125,32,5,6,3,0,1,7,20,5
Ronys Torres,31/3/2010,900,0,0,20,50,24,32,63,79,3,4,5,0,7,1,5,20
Rob Emerson,31/3/2010,900,1,0,24,74,46,45,96,79,0,1,4,1,11,12,2,22
Nik Lentz,31/3/2010,900,0,1,46,96,24,79,133,45,4,14,0,1,12,11,22,2
Caol Uno,31/3/2010,253,0,1,6,28,22,10,34,26,0,0,1,0,0,1,0,15
Gleison Tibau,31/3/2010,253,1,0,22,59,6,26,65,10,1,1,0,0,1,0,15,0
Yushin Okami,31/3/2010,467,1,0,50,72,8,57,80,9,0,0,0,0,0,0,9,0
Lucio Linhares,31/3/2010,467,0,1,8,44,50,9,45,57,0,2,0,0,0,0,0,9
Gerald Harris,31/3/2010,289,2,1,17,37,16,17,37,33,0,0,0,0,0,1,3,3
Mario Miranda,31/3/2010,289,1,2,16,40,17,33,63,17,0,0,0,0,1,0,3,3
Charlie Brenneman,31/3/2010,900,0,0,33,53,12,95,116,25,6,10,0,0,2,3,25,1
Jason High,31/3/2010,900,0,0,12,31,33,25,45,95,0,0,6,3,3,2,1,25
Anderson Silva,10/4/2010,1500,1,0,61,111,10,62,112,11,0,0,0,0,0,2,4,0
Demian Maia,10/4/2010,1500,0,1,10,52,61,11,53,62,0,13,0,0,2,0,0,4
BJ Penn,10/4/2010,1500,0,0,71,262,61,72,263,63,0,0,1,0,8,2,0,1
Frankie Edgar,10/4/2010,1500,0,0,61,232,71,63,234,72,1,13,0,0,2,8,1,0
Matt Hughes,10/4/2010,880,2,0,70,123,34,71,124,34,0,1,0,0,19,5,1,0
Renzo Gracie,10/4/2010,880,0,2,34,109,70,34,109,71,0,1,0,0,5,19,0,1
Terry Etim,10/4/2010,570,0,0,7,20,25,11,25,45,0,0,2,1,1,5,0,18
Rafael Dos Anjos,10/4/2010,570,0,0,25,45,7,45,69,11,2,3,0,1,5,1,18,0
Kendall Grove,10/4/2010,470,1,0,9,26,25,36,55,38,0,0,1,3,3,1,3,21
Mark Munoz,10/4/2010,470,0,1,25,60,9,38,75,36,1,8,0,0,1,3,21,3
Alexander Gustafsson,10/4/2010,295,0,0,0,5,14,0,5,28,0,2,1,0,0,6,0,7
Phil Davis,10/4/2010,295,0,0,14,18,0,28,34,0,1,5,0,1,6,0,7,0
Nick Osipczak,10/4/2010,900,0,0,28,41,31,49,63,83,2,4,3,1,20,6,0,20
Rick Story,10/4/2010,900,0,0,31,72,28,83,130,49,3,10,2,1,6,20,20,0
DaMarques Johnson,10/4/2010,728,1,0,34,108,59,42,117,83,0,0,4,1,2,1,3,3
Brad Blackburn,10/4/2010,728,0,1,59,132,34,83,165,42,4,5,0,2,1,2,3,3
Paul Kelly,10/4/2010,521,0,0,47,73,4,110,145,9,0,0,1,3,2,0,36,2
Matt Veach,10/4/2010,521,0,0,4,9,47,9,14,110,1,1,0,2,0,2,2,36
Jon Madsen,10/4/2010,900,0,0,32,97,20,32,97,20,1,1,0,0,0,0,1,0
Mostapha Al-Turk,10/4/2010,900,0,0,20,127,32,20,127,32,0,0,1,0,0,0,0,1
Lyoto Machida,08/5/2010,215,0,1,9,11,17,10,12,24,2,2,0,0,3,4,1,6
Mauricio Rua,08/5/2010,215,1,0,17,28,9,24,35,10,0,1,2,0,4,3,6,1
Josh Koscheck,08/5/2010,900,0,0,19,29,11,83,93,14,4,6,0,1,0,1,17,3
Paul Daley,08/5/2010,900,0,0,11,28,19,14,31,83,0,0,4,0,1,0,3,17
Sam Stout,08/5/2010,900,1,1,70,181,55,76,187,64,0,1,3,1,4,5,7,3
Jeremy Stephens,08/5/2010,900,1,1,55,119,70,64,128,76,3,5,0,0,5,4,3,7
Kevin Ferguson,08/5/2010,564,0,0,5,21,44,14,30,63,2,5,0,0,0,4,1,22
Matt Mitrione,08/5/2010,564,0,0,44,56,5,63,75,14,0,0,2,4,4,0,22,1
Patrick Cote,08/5/2010,505,0,0,22,37,27,35,50,44,2,2,1,1,2,3,1,2
Alan Belcher,08/5/2010,505,0,0,27,51,22,44,68,35,1,1,2,1,3,2,2,1
Tom Lawlor,08/5/2010,430,1,0,42,92,44,47,97,53,0,2,0,0,16,6,1,0
Joe Doerksen,08/5/2010,430,0,1,44,94,42,53,103,47,0,1,0,1,6,16,0,1
Marcus Davis,08/5/2010,383,2,0,11,17,5,16,22,19,0,0,4,1,3,0,3,4
Jonathan Goulet,08/5/2010,383,0,2,5,16,11,19,30,16,4,5,0,0,0,3,4,3
TJ Grant,08/5/2010,900,0,0,67,111,53,78,123,83,0,1,8,0,26,10,0,9
Johny Hendricks,08/5/2010,900,0,0,53,81,67,83,111,78,8,8,0,0,10,26,9,0
Joey Beltran,08/5/2010,900,0,0,97,161,60,112,176,65,0,0,2,0,18,10,5,12
Tim Hague,08/5/2010,900,0,0,60,120,97,65,125,112,2,7,0,0,10,18,12,5
Yoshiyuki Yoshida,08/5/2010,900,0,0,7,23,59,12,28,129,1,6,3,2,1,13,3,37
Mike Guymon,08/5/2010,900,0,0,59,79,7,129,149,12,3,3,1,2,13,1,37,3
Jason MacDonald,08/5/2010,162,0,0,5,7,3,10,12,5,0,0,1,0,3,2,0,0
John Salter,08/5/2010,162,0,0,3,7,5,5,9,10,1,3,0,0,2,3,0,0
Quinton Jackson,29/5/2010,900,1,0,17,47,29,27,58,61,0,1,3,0,11,12,4,10
Rashad Evans,29/5/2010,900,0,1,29,52,17,61,91,27,3,12,0,0,12,11,10,4
Michael Bisping,29/5/2010,900,0,0,76,225,50,77,226,56,0,0,1,0,1,1,0,0
Dan Miller,29/5/2010,900,0,0,50,211,76,56,217,77,1,4,0,0,1,1,0,0
Todd Duffee,29/5/2010,755,0,1,51,182,14,51,182,15,0,0,0,0,3,0,0,0
Mike Russow,29/5/2010,755,1,0,14,44,51,15,45,51,0,9,0,0,0,3,0,0
Jason Brilz,29/5/2010,900,0,0,18,50,23,41,80,42,3,13,1,3,5,1,6,4
Rogerio Nogueira,29/5/2010,900,0,0,23,67,18,42,90,41,1,1,3,1,1,5,4,6
Diego Sanchez,29/5/2010,900,0,1,24,90,84,25,92,115,1,8,0,0,0,6,0,21
John Hathaway,29/5/2010,900,1,0,84,174,24,115,215,25,0,2,1,0,6,0,21,0
Amir Sadollah,29/5/2010,900,0,0,10,38,30,25,53,45,0,0,6,0,2,4,0,21
Dong Hyun Kim,29/5/2010,900,0,0,30,40,10,45,58,25,6,8,0,0,4,2,21,0
Efrain Escudero,29/5/2010,900,1,0,64,184,17,67,187,17,0,3,0,0,23,2,0,0
Dan Lauzon,29/5/2010,900,0,1,17,73,64,17,73,67,0,1,0,0,2,23,0,0
Melvin Guillard,29/5/2010,208,1,0,14,21,1,20,27,1,0,0,1,0,5,1,5,0
Waylon Lowe,29/5/2010,208,0,1,1,6,14,1,6,20,1,6,0,0,1,5,0,5
Luiz Cane,29/5/2010,133,1,1,4,16,17,6,18,19,0,2,0,0,1,1,0,2
Cyrille Diabate,29/5/2010,133,1,1,17,21,4,19,23,6,0,0,0,0,1,1,2,0
Aaron Riley,29/5/2010,900,0,0,46,104,37,124,184,51,3,8,1,0,16,8,3,0
Joe Brammer,29/5/2010,900,0,0,37,107,46,51,122,124,1,2,3,0,8,16,0,3
Jesse Forbes,29/5/2010,66,1,0,3,9,3,3,9,3,1,1,0,1,0,0,1,0
Ryan Jensen,29/5/2010,66,0,1,3,6,3,3,6,3,0,0,1,1,0,0,0,1
Chuck Liddell,12/6/2010,295,0,1,17,41,24,19,44,27,1,1,0,0,2,2,1,2
Rich Franklin,12/6/2010,295,1,0,24,52,17,27,55,19,0,0,1,0,2,2,2,1
Mirko Filipovic,12/6/2010,870,1,2,42,100,25,113,174,26,0,1,0,2,12,1,4,0
Pat Barry,12/6/2010,870,2,1,25,66,42,26,67,113,0,0,0,0,1,12,0,4
Paulo Thiago,12/6/2010,900,0,0,13,40,24,17,46,47,1,9,1,1,2,5,2,5
Martin Kampmann,12/6/2010,900,0,0,24,59,13,47,83,17,1,3,1,3,5,2,5,2
Ben Rothwell,12/6/2010,900,0,0,44,72,33,120,167,69,5,7,0,2,6,5,35,23
Gilbert Yvel,12/6/2010,900,0,0,33,61,44,69,102,120,0,1,5,2,5,6,23,35
Carlos Condit,12/6/2010,893,0,0,72,170,29,149,261,40,0,2,3,1,11,7,29,2
Rory MacDonald,12/6/2010,893,0,0,29,70,72,40,82,149,3,8,0,0,7,11,2,29
Tyson Griffin,12/6/2010,900,0,0,26,70,28,62,117,52,0,2,3,1,1,4,0,0
Evan Dunham,12/6/2010,900,0,0,28,73,26,52,107,62,3,6,0,1,4,1,0,0
Mac Danzig,12/6/2010,105,0,0,4,8,4,9,15,6,1,1,0,0,0,0,1,1
Matt Wiman,12/6/2010,105,0,0,4,12,4,6,14,9,0,0,1,2,0,0,1,1
David Loiseau,12/6/2010,547,0,0,2,10,42,3,11,131,0,0,3,0,1,4,0,36
Mario Miranda,12/6/2010,547,0,0,42,63,2,131,194,3,3,3,0,0,4,1,36,0
James Wilks,12/6/2010,900,0,0,38,80,15,83,130,46,1,5,1,1,14,7,8,1
Peter Sobotta,12/6/2010,900,0,0,15,57,38,46,93,83,1,6,1,2,7,14,1,8
Ricardo Funch,12/6/2010,408,0,0,5,5,13,17,20,24,0,2,1,0,2,3,1,10
Claude Patrick,12/6/2010,408,0,0,13,18,5,24,30,17,1,2,0,2,3,2,10,1
Mike Pyle,12/6/2010,884,1,0,49,122,37,77,153,45,0,5,1,3,2,2,6,3
Jesse Lennox,12/6/2010,884,0,1,37,120,49,45,130,77,1,1,0,0,2,2,3,6
Court McGee,19/6/2010,521,0,0,22,59,19,47,84,49,5,7,0,1,6,9,7,0
Kris McCray,19/6/2010,521,0,0,19,66,22,49,96,47,0,0,5,0,9,6,0,7
Keith Jardine,19/6/2010,900,0,0,65,227,77,66,228,90,0,0,2,0,3,13,0,0
Matt Hamill,19/6/2010,900,0,0,77,199,65,90,214,66,2,9,0,0,13,3,0,0
Chris Leben,19/6/2010,557,0,0,42,92,43,66,118,56,0,0,2,0,17,20,4,4
Aaron Simpson,19/6/2010,557,0,0,43,78,42,56,94,66,2,10,0,1,20,17,4,4
Spencer Fisher,19/6/2010,900,0,0,52,142,77,52,142,77,0,0,0,0,1,1,0,0
Dennis Siver,19/6/2010,900,0,0,77,256,52,77,256,52,0,0,0,0,1,1,0,0
Jamie Yager,19/6/2010,565,0,0,29,74,24,31,76,38,0,1,1,0,4,1,1,11
Rich Attonito,19/6/2010,565,0,0,24,65,29,38,79,31,1,3,0,0,1,4,11,1
John Gunderson,19/6/2010,900,0,0,31,59,2,83,117,5,4,8,1,0,1,1,22,0
Mark Holst,19/6/2010,900,0,0,2,16,31,5,19,83,1,1,4,3,1,1,0,22
Brad Tavares,19/6/2010,900,0,0,18,34,22,54,74,46,3,6,0,0,1,7,11,9
Seth Baczynski,19/6/2010,900,0,0,22,44,18,46,71,54,0,2,3,3,7,1,9,11
Josh Bryant,19/6/2010,492,0,1,9,45,50,9,45,50,0,2,0,0,0,4,0,3
Kyle Noke,19/6/2010,492,1,0,50,88,9,50,88,9,0,0,0,0,4,0,3,0
Chris Camozzi,19/6/2010,900,0,0,62,111,29,71,123,40,0,5,2,0,23,13,0,2
James Hammortree,19/6/2010,900,0,0,29,95,62,40,107,71,2,4,0,1,13,23,2,0
James McSweeney,19/6/2010,272,0,1,6,11,19,7,12,28,0,0,0,0,0,0,0,16
Travis Browne,19/6/2010,272,1,0,19,44,6,28,55,7,0,0,0,1,0,0,16,0
Brock Lesnar,03/7/2010,439,0,1,8,15,40,28,37,61,1,4,0,1,3,6,5,31
Shane Carwin,03/7/2010,439,1,0,40,85,8,61,112,28,0,0,1,0,6,3,31,5
Chris Leben,03/7/2010,880,0,0,46,105,27,162,231,62,0,0,5,4,4,1,5,5
Yoshihiro Akiyama,03/7/2010,880,0,0,27,68,46,62,111,162,5,5,0,1,1,4,5,5
Chris Lytle,03/7/2010,422,0,1,19,49,25,40,72,29,0,1,1,4,6,7,0,0
Matt Brown,03/7/2010,422,1,0,25,42,19,29,46,40,1,2,0,1,7,6,0,0
Krzysztof Soszynski,03/7/2010,488,0,1,32,90,48,33,91,82,0,2,2,0,12,22,0,11
Stephan Bonnar,03/7/2010,488,1,0,48,112,32,82,151,33,2,4,0,0,22,12,11,0
George Sotiropoulos,03/7/2010,900,1,1,48,162,39,82,199,68,1,2,3,0,3,8,13,4
Kurt Pellegrino,03/7/2010,900,1,1,39,108,48,68,141,82,3,3,1,0,8,3,4,13
Brendan Schaub,03/7/2010,67,1,0,10,12,1,15,17,1,0,0,0,0,2,0,6,0
Chris Tuchscherer,03/7/2010,67,0,1,1,5,10,1,5,15,0,0,0,0,0,2,0,6
Seth Petruzelli,03/7/2010,485,1,0,30,62,19,42,76,24,0,1,1,2,7,0,11,13
Ricardo Romero,03/7/2010,485,0,1,19,30,30,24,36,42,1,7,0,2,0,7,13,11
Kendall Grove,03/7/2010,900,0,0,28,89,14,83,146,27,1,1,3,1,15,3,4,2
Goran Reljic,03/7/2010,900,0,0,14,56,28,27,73,83,3,5,1,1,3,15,2,4
Gerald Harris,03/7/2010,755,0,0,10,37,20,11,39,40,5,5,0,0,2,12,3,0
David Branch,03/7/2010,755,0,0,20,39,10,40,60,11,0,2,5,0,12,2,0,3
Forrest Petz,03/7/2010,900,0,0,21,69,5,47,97,45,1,1,6,0,3,1,1,2
Daniel Roberts,03/7/2010,900,0,0,5,44,21,45,93,47,6,9,1,2,1,3,2,1
Jon Madsen,03/7/2010,900,0,0,37,53,16,118,140,21,3,4,0,0,26,12,7,0
Karlos Vemola,03/7/2010,900,0,0,16,42,37,21,47,118,0,3,3,1,12,26,0,7
Jon Jones,01/8/2010,112,0,0,15,16,0,17,18,0,1,1,0,0,0,0,12,0
Vladimir Matyushenko,01/8/2010,112,0,0,0,5,15,0,5,17,0,0,1,0,0,0,0,12
Mark Munoz,01/8/2010,900,1,1,16,44,22,19,48,101,1,15,1,0,3,1,0,3
Yushin Okami,01/8/2010,900,1,1,22,83,16,101,162,19,1,1,1,0,1,3,3,0
John Howard,01/8/2010,741,0,0,17,34,38,42,60,92,0,1,5,1,9,15,1,15
Jake Ellenberger,01/8/2010,741,0,0,38,67,17,92,138,42,5,7,0,0,15,9,15,1
Tyson Griffin,01/8/2010,64,0,1,3,14,5,3,14,5,0,0,0,0,0,0,0,2
Takanori Gomi,01/8/2010,64,1,0,5,15,3,5,15,3,0,0,0,0,0,0,2,0
Paul Kelly,01/8/2010,900,0,0,24,61,32,45,85,61,0,0,6,2,3,1,15,24
Jacob Volkmann,01/8/2010,900,0,0,32,79,24,61,111,45,6,7,0,2,1,3,24,15
DaMarques Johnson,01/8/2010,569,0,0,9,27,42,17,37,75,0,2,3,0,3,4,3,33
Matthew Riddle,01/8/2010,569,0,0,42,83,9,75,127,17,3,4,0,0,4,3,33,3
James Irvin,01/8/2010,149,0,0,11,22,18,14,25,21,0,1,2,0,0,2,10,6
Igor Pokrajac,01/8/2010,149,0,0,18,27,11,21,30,14,2,3,0,1,2,0,6,10
Brian Stann,01/8/2010,790,0,0,43,72,5,119,152,26,0,0,5,2,9,1,31,3
Mike Massenzio,01/8/2010,790,0,0,5,11,43,26,33,119,5,9,0,2,1,9,3,31
Darren Elkins,01/8/2010,41,0,0,0,4,3,0,4,3,1,1,0,0,0,0,0,2
Charles Oliveira,01/8/2010,41,0,0,3,4,0,3,4,0,0,0,1,2,0,0,2,0
Rob Kimmons,01/8/2010,900,0,0,38,65,85,126,167,148,4,8,0,2,21,65,11,0
Steve Steinbeiss,01/8/2010,900,0,0,85,129,38,148,193,126,0,1,4,0,65,21,0,11
Anderson Silva,07/8/2010,1390,0,0,29,57,89,64,95,320,1,1,3,3,0,3,17,72
Chael Sonnen,07/8/2010,1390,0,0,89,168,29,320,434,64,3,7,1,1,3,0,72,17
Jon Fitch,07/8/2010,900,0,0,29,66,22,70,114,39,9,11,0,0,5,2,11,2
Thiago Alves,07/8/2010,900,0,0,22,81,29,39,103,70,0,0,9,0,2,5,2,11
Clay Guida,07/8/2010,711,0,0,19,90,17,47,123,29,2,6,1,0,4,3,4,1
Rafael Dos Anjos,07/8/2010,711,0,0,17,64,19,29,76,47,1,4,2,0,3,4,1,4
Matt Hughes,07/8/2010,195,1,0,2,16,10,2,16,10,0,0,0,1,0,1,0,0
Ricardo Almeida,07/8/2010,195,0,1,10,28,2,10,28,2,0,0,0,0,1,0,0,0
Roy Nelson,07/8/2010,900,0,1,40,101,130,40,101,138,0,7,1,0,5,20,0,1
Junior Dos Santos,07/8/2010,900,1,0,130,282,40,138,291,40,1,2,0,0,20,5,1,0
Dustin Hazelett,07/8/2010,375,0,1,7,17,75,7,17,132,0,2,3,2,3,26,0,32
Rick Story,07/8/2010,375,1,0,75,110,7,132,169,7,3,3,0,0,26,3,32,0
Rodney Wallace,07/8/2010,900,0,0,2,9,59,5,12,97,0,5,3,0,1,7,0,45
Phil Davis,07/8/2010,900,0,0,59,92,2,97,137,5,3,4,0,0,7,1,45,0
Johny Hendricks,07/8/2010,340,2,0,28,42,9,34,48,15,0,1,2,0,4,6,14,0
Charlie Brenneman,07/8/2010,340,0,2,9,33,28,15,40,34,2,4,0,0,6,4,0,14
Todd Brown,07/8/2010,900,0,0,28,72,60,42,87,110,0,0,3,0,10,15,0,10
Tim Boetsch,07/8/2010,900,0,0,60,112,28,110,163,42,3,6,0,1,15,10,10,0
Stefan Struve,07/8/2010,322,1,0,11,19,36,12,20,60,0,0,1,2,0,1,6,31
Christian Morecraft,07/8/2010,322,0,1,36,72,11,60,101,12,1,1,0,1,1,0,31,6
Ben Saunders,07/8/2010,900,0,0,30,45,28,54,72,96,0,0,3,1,10,4,0,21
Dennis Hallman,07/8/2010,900,0,0,28,55,30,96,132,54,3,6,0,0,4,10,21,0
Frankie Edgar,28/8/2010,1500,0,0,94,234,36,142,285,56,3,9,2,0,11,3,16,1
BJ Penn,28/8/2010,1500,0,0,36,146,94,56,167,142,2,3,3,0,3,11,1,16
Randy Couture,28/8/2010,199,0,0,8,11,0,41,50,4,1,1,0,2,0,0,8,0
James Toney,28/8/2010,199,0,0,0,0,8,4,6,41,0,0,1,0,0,0,0,8
Demian Maia,28/8/2010,900,0,0,30,49,14,104,146,29,5,7,0,1,3,1,21,4
Mario Miranda,28/8/2010,900,0,0,14,41,30,29,60,104,0,0,5,0,1,3,4,21
Kenny Florian,28/8/2010,900,0,0,14,63,15,33,85,47,0,0,5,0,2,0,1,11
Gray Maynard,28/8/2010,900,0,0,15,53,14,47,86,33,5,7,0,0,0,2,11,1
Nate Diaz,28/8/2010,842,0,1,94,328,52,122,358,61,1,5,1,1,7,6,2,1
Marcus Davis,28/8/2010,842,1,0,52,203,94,61,213,122,1,1,1,0,6,7,1,2
Joe Lauzon,28/8/2010,121,0,0,19,28,1,19,29,1,2,3,0,1,1,0,15,0
Gabe Ruediger,28/8/2010,121,0,0,1,8,19,1,8,19,0,0,2,0,0,1,0,15
Andre Winner,28/8/2010,900,0,0,20,35,23,41,56,80,0,0,7,0,15,11,0,3
Nik Lentz,28/8/2010,900,0,0,23,32,20,80,95,41,7,18,0,1,11,15,3,0
Dan Miller,28/8/2010,413,0,0,23,74,21,23,74,29,0,1,2,2,0,3,0,1
John Salter,28/8/2010,413,0,0,21,52,23,29,62,23,2,3,0,0,3,0,1,0
Nick Osipczak,28/8/2010,900,0,0,29,67,70,44,83,152,0,1,3,1,12,10,5,50
Greg Soto,28/8/2010,900,0,0,70,100,29,152,212,44,3,7,0,1,10,12,50,5
Mike Pierce,28/8/2010,791,0,0,31,47,4,87,110,12,4,6,0,2,4,0,27,3
Amilcar Alves,28/8/2010,791,0,0,4,10,31,12,20,87,0,0,4,0,0,4,3,27
Nate Marquardt,15/9/2010,208,0,0,13,35,1,18,40,1,0,0,0,1,0,0,9,0
Rousimar Palhares,15/9/2010,208,0,0,1,6,13,1,6,18,0,1,0,1,0,0,0,9
Efrain Escudero,15/9/2010,745,0,0,13,76,35,26,89,60,0,1,2,0,4,4,2,0
Charles Oliveira,15/9/2010,745,0,0,35,91,13,60,118,26,2,9,0,1,4,4,0,2
Jim Miller,15/9/2010,900,0,0,29,113,23,44,128,36,0,6,4,2,4,3,0,0
Gleison Tibau,15/9/2010,900,0,0,23,100,29,36,114,44,4,5,0,0,3,4,0,0
Cole Miller,15/9/2010,409,1,0,24,78,26,24,78,30,1,4,0,1,0,1,1,1
Ross Pearson,15/9/2010,409,0,1,26,71,24,30,75,24,0,0,1,0,1,0,1,1
Yves Edwards,15/9/2010,900,0,0,54,125,15,98,177,24,1,1,0,1,4,3,30,0
John Gunderson,15/9/2010,900,0,0,15,82,54,24,91,98,0,6,1,2,3,4,0,30
Jared Hamman,15/9/2010,900,0,0,88,239,79,146,298,88,0,2,9,0,8,5,3,2
Kyle Kingsbury,15/9/2010,900,0,0,79,219,88,88,229,146,9,13,0,0,5,8,2,3
Tomasz Drwal,15/9/2010,900,0,0,10,43,15,19,55,62,0,0,3,0,1,2,0,6
David Branch,15/9/2010,900,0,0,15,31,10,62,85,19,3,10,0,0,2,1,6,0
Rich Attonito,15/9/2010,900,1,0,25,80,28,46,103,51,0,1,2,0,1,1,10,1
Rafael Natal,15/9/2010,900,0,1,28,102,25,51,132,46,2,9,0,0,1,1,1,10
TJ Waldburger,15/9/2010,900,0,0,37,58,13,69,96,50,6,7,2,7,3,4,31,6
David Mitchell,15/9/2010,900,0,0,13,18,37,50,59,69,2,3,6,6,4,3,6,31
Brian Foster,15/9/2010,67,1,0,17,27,1,20,32,1,0,0,0,0,0,0,11,0
Forrest Petz,15/9/2010,67,0,1,1,7,17,1,7,20,0,0,0,0,0,0,0,11
Frank Mir,25/9/2010,842,1,0,25,79,19,45,100,33,0,2,0,0,12,6,0,0
Mirko Filipovic,25/9/2010,842,0,1,19,69,25,33,89,45,0,0,0,0,6,12,0,0
Rogerio Nogueira,25/9/2010,900,0,0,28,127,42,39,138,66,0,0,5,0,3,7,0,11
Ryan Bader,25/9/2010,900,0,0,42,127,28,66,161,39,5,16,0,0,7,3,11,0
Matt Serra,25/9/2010,900,0,0,124,298,153,133,311,172,0,1,0,0,1,3,0,0
Chris Lytle,25/9/2010,900,0,0,153,297,124,172,317,133,0,0,0,0,3,1,0,0
Sean Sherk,25/9/2010,900,0,0,38,115,75,81,165,123,5,18,0,0,2,6,5,0
Evan Dunham,25/9/2010,900,0,0,75,164,38,123,216,81,0,0,5,7,6,2,0,5
Melvin Guillard,25/9/2010,900,0,1,73,168,62,73,168,62,0,1,0,0,1,0,0,0
Jeremy Stephens,25/9/2010,900,1,0,62,155,73,62,155,73,0,2,0,0,0,1,0,0
CB Dollaway,25/9/2010,133,0,0,1,2,1,1,2,6,0,0,0,2,0,0,0,0
Joe Doerksen,25/9/2010,133,0,0,1,1,1,6,6,1,0,2,0,0,0,0,0,0
Matt Mitrione,25/9/2010,900,0,0,76,152,52,86,165,93,0,0,1,0,3,14,0,9
Joey Beltran,25/9/2010,900,0,0,52,157,76,93,207,86,1,3,0,0,14,3,9,0
Thiago Tavares,25/9/2010,227,0,0,7,11,3,50,63,6,2,2,0,1,0,0,6,0
Pat Audinwood,25/9/2010,227,0,0,3,8,7,6,13,50,0,0,2,0,0,0,0,6
Steve Lopez,25/9/2010,900,0,0,23,71,26,68,117,74,0,0,5,0,0,0,2,10
Waylon Lowe,25/9/2010,900,0,0,26,61,23,74,118,68,5,7,0,0,0,0,10,2
TJ Grant,25/9/2010,900,0,0,17,33,12,36,59,39,4,6,0,1,6,4,9,4
Julio Paulino,25/9/2010,900,0,0,12,42,17,39,71,36,0,0,4,1,4,6,4,9
Mark Hunt,25/9/2010,63,0,0,2,8,0,3,9,0,1,1,0,0,0,0,1,0
Sean McCorkle,25/9/2010,63,0,0,0,4,2,0,4,3,0,2,1,2,0,0,0,1
Michael Bisping,16/10/2010,900,0,0,118,267,50,119,268,50,0,5,0,0,3,1,0,0
Yoshihiro Akiyama,16/10/2010,900,0,0,50,177,118,50,177,119,0,1,0,0,1,3,0,0
Dan Hardy,16/10/2010,267,0,1,9,41,26,9,41,26,0,0,0,0,0,0,0,2
Carlos Condit,16/10/2010,267,1,0,26,59,9,26,59,9,0,0,0,0,0,0,2,0
John Hathaway,16/10/2010,900,0,0,18,99,46,57,139,121,0,2,5,0,0,6,0,24
Mike Pyle,16/10/2010,900,0,0,46,97,18,121,180,57,5,13,0,1,6,0,24,0
Cheick Kongo,16/10/2010,900,0,0,58,109,22,90,142,26,0,2,2,0,27,7,0,0
Travis Browne,16/10/2010,900,0,0,22,75,58,26,79,90,2,3,0,0,7,27,0,0
James Wilks,16/10/2010,900,0,0,12,28,23,46,66,63,0,1,3,0,9,3,0,17
Claude Patrick,16/10/2010,900,0,0,23,40,12,63,85,46,3,5,0,0,3,9,17,0
Cyrille Diabate,16/10/2010,461,0,1,11,22,28,13,24,60,0,1,2,0,1,7,0,14
Alexander Gustafsson,16/10/2010,461,1,0,28,56,11,60,94,13,2,3,0,3,7,1,14,0
Rob Broughton,16/10/2010,703,0,0,67,99,47,147,206,63,0,1,5,6,2,2,8,12
Vinicius Queiroz,16/10/2010,703,0,0,47,103,67,63,131,147,5,7,0,0,2,2,12,8
Paul Sass,16/10/2010,285,0,0,2,4,3,11,15,7,0,2,0,4,0,0,0,2
Mark Holst,16/10/2010,285,0,0,3,10,2,7,14,11,0,0,0,0,0,0,2,0
Spencer Fisher,16/10/2010,900,0,0,68,93,45,170,212,82,1,6,1,2,35,17,9,4
Curt Warburton,16/10/2010,900,0,0,45,80,68,82,144,170,1,3,1,2,17,35,4,9
James McSweeney,16/10/2010,648,0,1,49,99,89,58,111,143,0,1,0,0,11,5,0,19
Fabio Maldonado,16/10/2010,648,1,0,89,123,49,143,184,58,0,1,0,2,5,11,19,0
Brock Lesnar,23/10/2010,252,0,2,9,19,31,13,23,62,1,3,1,0,4,4,0,16
Cain Velasquez,23/10/2010,252,2,0,31,67,9,62,107,13,1,2,1,0,4,4,16,0
Jake Shields,23/10/2010,900,0,0,25,46,35,53,80,57,4,15,0,0,2,20,2,7
Martin Kampmann,23/10/2010,900,0,0,35,54,25,57,77,53,0,0,4,3,20,2,7,2
Diego Sanchez,23/10/2010,900,0,0,48,112,36,73,139,49,2,8,1,0,1,19,39,2
Paulo Thiago,23/10/2010,900,0,0,36,65,48,49,86,73,1,3,2,4,19,1,2,39
Tito Ortiz,23/10/2010,900,0,0,37,131,41,59,157,58,0,2,3,0,1,0,1,6
Matt Hamill,23/10/2010,900,0,0,41,134,37,58,154,59,3,3,0,0,0,1,6,1
Brendan Schaub,23/10/2010,900,1,0,53,199,37,53,199,37,0,1,0,0,8,4,1,0
Gabriel Gonzaga,23/10/2010,900,0,1,37,110,53,37,110,53,0,2,0,1,4,8,0,1
Court McGee,23/10/2010,681,0,1,60,165,36,69,174,44,2,4,1,1,0,2,11,2
Ryan Jensen,23/10/2010,681,1,0,36,103,60,44,111,69,1,3,2,0,2,0,2,11
Patrick Cote,23/10/2010,900,0,0,6,22,49,28,44,153,0,0,5,0,4,11,2,33
Tom Lawlor,23/10/2010,900,0,0,49,75,6,153,189,28,5,6,0,3,11,4,33,2
Mike Guymon,23/10/2010,73,0,0,0,3,2,0,3,2,0,1,1,0,0,0,0,0
Daniel Roberts,23/10/2010,73,0,0,2,10,0,2,10,0,1,1,0,1,0,0,0,0
Sam Stout,23/10/2010,900,0,0,107,295,140,108,296,140,1,2,0,0,2,5,0,0
Paul Taylor,23/10/2010,900,0,0,140,296,107,140,296,108,0,3,1,0,5,2,0,0
Chris Camozzi,23/10/2010,900,0,0,74,130,51,85,145,60,0,1,3,0,16,4,0,2
Dongi Yang,23/10/2010,900,0,0,51,98,74,60,117,85,3,5,0,0,4,16,2,0
Jon Madsen,23/10/2010,108,0,0,18,31,0,20,35,0,1,1,0,0,0,0,18,0
Gilbert Yvel,23/10/2010,108,0,0,0,2,18,0,2,20,0,0,1,0,0,0,0,18
Nate Marquardt,13/11/2010,900,0,0,21,61,25,27,68,40,3,4,1,2,5,2,0,1
Yushin Okami,13/11/2010,900,0,0,25,83,21,40,98,27,1,9,3,0,2,5,1,0
Dennis Siver,13/11/2010,217,1,0,30,71,13,37,81,13,0,1,0,1,1,0,4,0
Andre Winner,13/11/2010,217,0,1,13,44,30,13,44,37,0,0,0,0,0,1,0,4
Amir Sadollah,13/11/2010,900,0,0,90,209,34,104,223,35,0,0,0,0,13,3,2,0
Peter Sobotta,13/11/2010,900,0,0,34,126,90,35,127,104,0,5,0,0,3,13,0,2
Krzysztof Soszynski,13/11/2010,900,0,0,57,114,23,107,168,74,0,1,2,3,9,0,14,0
Goran Reljic,13/11/2010,900,0,0,23,74,57,74,133,107,2,6,0,0,0,9,0,14
Duane Ludwig,13/11/2010,900,0,2,99,231,60,106,238,84,0,4,2,0,28,6,1,8
Nick Osipczak,13/11/2010,900,2,0,60,110,99,84,135,106,2,5,0,0,6,28,8,1
Vladimir Matyushenko,13/11/2010,140,0,0,19,33,6,33,48,9,2,2,0,0,0,3,16,0
Alexandre Ferreira,13/11/2010,140,0,0,6,10,19,9,13,33,0,3,2,0,3,0,0,16
Pascal Krauss,13/11/2010,900,0,0,50,98,33,230,290,62,3,4,3,2,14,3,25,4
Mark Scanlon,13/11/2010,900,0,0,33,94,50,62,129,230,3,4,3,2,3,14,4,25
Kyle Noke,13/11/2010,393,0,0,25,38,16,43,57,35,3,4,0,2,4,4,19,3
Rob Kimmons,13/11/2010,393,0,0,16,30,25,35,49,43,0,1,3,0,4,4,3,19
Seth Petruzelli,13/11/2010,226,0,0,3,10,18,12,22,43,0,0,2,2,1,0,0,14
Karlos Vemola,13/11/2010,226,0,0,18,42,3,43,76,12,2,2,0,0,0,1,14,0
Kris McCray,13/11/2010,141,0,0,3,8,2,14,19,3,2,2,0,0,0,0,2,0
Carlos Eduardo Rocha,13/11/2010,141,0,0,2,4,3,3,5,14,0,0,2,1,0,0,0,2
Quinton Jackson,20/11/2010,900,0,0,16,49,33,70,104,53,1,1,1,0,10,6,0,1
Lyoto Machida,20/11/2010,900,0,0,33,51,16,53,71,70,1,3,1,1,6,10,1,0
Matt Hughes,20/11/2010,21,0,1,3,6,7,3,6,7,0,0,0,0,0,0,0,3
BJ Penn,20/11/2010,21,1,0,7,9,3,7,9,3,0,0,0,0,0,0,3,0
Gerald Harris,20/11/2010,900,0,1,8,61,25,8,61,54,2,7,1,0,2,5,0,11
Maiquel Falcao,20/11/2010,900,1,0,25,45,8,54,77,8,1,1,2,3,5,2,11,0
Phil Davis,20/11/2010,475,0,0,33,75,7,51,98,10,2,2,0,2,7,0,12,0
Tim Boetsch,20/11/2010,475,0,0,7,19,33,10,22,51,0,0,2,1,0,7,0,12
George Sotiropoulos,20/11/2010,463,0,0,19,70,16,24,76,24,3,11,0,2,3,6,2,4
Joe Lauzon,20/11/2010,463,0,0,16,79,19,24,89,24,0,0,3,0,6,3,4,2
Matt Brown,20/11/2010,431,0,0,13,21,25,23,32,36,1,1,3,1,1,2,4,12
Brian Foster,20/11/2010,431,0,0,25,44,13,36,63,23,3,3,1,2,2,1,12,4
Aaron Simpson,20/11/2010,900,0,0,43,118,76,70,146,92,5,11,1,0,14,43,2,4
Mark Munoz,20/11/2010,900,0,0,76,156,43,92,174,70,1,4,5,0,43,14,4,2
Karo Parisyan,20/11/2010,107,0,1,2,6,10,5,9,18,0,0,0,0,0,6,0,2
Dennis Hallman,20/11/2010,107,1,0,10,14,2,18,22,5,0,0,0,0,6,0,2,0
Mike Lullo,20/11/2010,626,0,2,12,45,43,68,104,44,0,5,2,1,0,0,0,0
Edson Barboza,20/11/2010,626,2,0,43,69,12,44,70,68,2,2,0,0,0,0,0,0
Paul Kelly,20/11/2010,496,1,0,44,104,32,106,171,38,1,1,1,0,2,0,25,4
TJ O'Brien,20/11/2010,496,0,1,32,69,44,38,77,106,1,1,1,0,0,2,4,25
Tyson Griffin,20/11/2010,900,1,0,31,60,34,66,102,75,8,13,4,1,6,4,2,3
Nik Lentz,20/11/2010,900,0,1,34,59,31,75,102,66,4,8,8,3,4,6,3,2
Jonathan Brookins,04/12/2010,900,0,1,32,67,30,57,95,38,3,13,0,0,2,10,23,2
Michael Johnson,04/12/2010,900,1,0,30,62,32,38,70,57,0,1,3,0,10,2,2,23
Stephan Bonnar,04/12/2010,900,0,0,44,80,23,147,199,40,3,5,0,1,16,9,18,4
Igor Pokrajac,04/12/2010,900,0,0,23,55,44,40,73,147,0,1,3,0,9,16,4,18
Kendall Grove,04/12/2010,900,0,0,18,68,42,50,106,71,0,0,5,0,4,1,1,29
Demian Maia,04/12/2010,900,0,0,42,79,18,71,111,50,5,13,0,1,1,4,29,1
Johny Hendricks,04/12/2010,900,0,0,24,58,55,45,79,98,6,13,2,1,5,21,0,1
Rick Story,04/12/2010,900,0,0,55,125,24,98,170,45,2,5,6,1,21,5,1,0
Nam Phan,04/12/2010,900,0,0,102,227,64,116,241,70,0,0,2,1,3,6,6,0
Leonard Garcia,04/12/2010,900,0,0,64,282,102,70,288,116,2,3,0,0,6,3,0,6
Cody McKenzie,04/12/2010,123,0,0,0,2,0,8,10,0,1,1,1,2,0,0,0,0
Aaron Wilkinson,04/12/2010,123,0,0,0,1,0,0,1,8,1,1,1,0,0,0,0,0
Ian Loveland,04/12/2010,900,2,0,44,112,21,75,149,30,0,0,0,0,3,0,10,1
Tyler Toner,04/12/2010,900,0,2,21,78,44,30,87,75,0,0,0,0,0,3,1,10
Sako Chivitchian,04/12/2010,900,0,0,36,132,72,54,153,88,0,1,0,0,11,18,0,0
Kyle Watson,04/12/2010,900,0,0,72,135,36,88,159,54,0,12,0,0,18,11,0,0
Will Campuzano,04/12/2010,873,0,0,16,51,18,37,74,57,1,2,7,0,0,0,4,1
Nick Pace,04/12/2010,873,0,0,18,44,16,57,89,37,7,9,1,1,0,0,1,4
Fredson Paixao,04/12/2010,51,0,1,1,1,3,1,1,3,0,0,0,0,0,0,0,1
Pablo Garza,04/12/2010,51,1,0,3,7,1,3,7,1,0,0,0,0,0,0,1,0
Rich Attonito,04/12/2010,900,0,0,6,15,16,17,32,53,0,0,4,0,4,14,0,2
David Branch,04/12/2010,900,0,0,16,27,6,53,79,17,4,10,0,0,14,4,2,0
Georges St-Pierre,11/12/2010,1500,0,0,110,259,16,136,292,30,4,9,1,0,8,5,0,1
Josh Koscheck,11/12/2010,1500,0,0,16,134,110,30,148,136,1,4,4,0,5,8,1,0
Stefan Struve,11/12/2010,235,0,0,11,19,4,18,27,8,0,0,1,0,0,0,10,4
Sean McCorkle,11/12/2010,235,0,0,4,9,11,8,13,18,1,1,0,2,0,0,4,10
Jim Miller,11/12/2010,119,0,0,1,6,5,6,11,8,1,1,0,2,0,0,1,2
Charles Oliveira,11/12/2010,119,0,0,5,8,1,8,12,6,0,1,1,0,0,0,2,1
Joe Stevenson,11/12/2010,114,0,1,6,19,9,6,19,9,0,0,0,0,0,0,0,1
Mac Danzig,11/12/2010,114,1,0,9,23,6,9,23,6,0,0,0,0,0,0,1,0
Thiago Alves,11/12/2010,900,1,0,73,185,37,105,227,54,2,2,0,0,4,7,3,0
John Howard,11/12/2010,900,0,1,37,124,73,54,141,105,0,2,2,0,7,4,0,3
Joe Doerksen,11/12/2010,900,0,0,12,29,18,135,162,121,0,0,5,2,0,0,5,16
Dan Miller,11/12/2010,900,0,0,18,47,12,121,186,135,5,5,0,1,0,0,16,5
Mark Bocek,11/12/2010,153,0,0,9,18,0,24,33,0,1,1,0,1,0,0,9,0
Dustin Hazelett,11/12/2010,153,0,0,0,3,9,0,3,24,0,0,1,0,0,0,0,9
Jesse Bongfeldt,11/12/2010,900,0,0,53,81,13,71,100,45,2,6,5,0,6,6,34,5
Rafael Natal,11/12/2010,900,0,0,13,23,53,45,63,71,5,8,2,0,6,6,5,34
Matthew Riddle,11/12/2010,900,0,1,35,258,112,41,266,148,0,2,1,1,1,15,3,11
Sean Pierson,11/12/2010,900,1,0,112,253,35,148,295,41,1,3,0,1,15,1,11,3
TJ Grant,11/12/2010,900,0,0,6,18,48,20,33,93,0,1,6,0,1,1,2,39
Ricardo Almeida,11/12/2010,900,0,0,48,85,6,93,136,20,6,8,0,0,1,1,39,2
Pat Audinwood,11/12/2010,900,0,1,19,162,74,19,162,77,1,2,0,0,0,2,0,1
John Makdessi,11/12/2010,900,1,0,74,127,19,77,134,19,0,0,1,0,2,0,1,0
